,timestamp,high,open,low,close,quantity,amount,date,ma_120,buy
0,1666828800,20872.21,20771.61,20200.0,20295.11,328643.57791,6771209922.01192,2022-10-27,,-1.0
1,1666915200,20750.0,20295.11,20000.09,20591.84,287039.94569,5849603405.68258,2022-10-28,,-1.0
2,1667001600,21085.0,20591.84,20554.01,20809.67,254881.77755,5303038321.45748,2022-10-29,,-1.0
3,1667088000,20931.21,20809.68,20515.0,20627.48,192795.60886,3994389493.32589,2022-10-30,,-1.0
4,1667174400,20845.92,20627.48,20237.95,20490.74,303567.61628,6226304300.44386,2022-10-31,,-1.0
5,1667260800,20700.0,20490.74,20330.74,20483.62,279932.43771,5740102554.92083,2022-11-01,,-1.0
6,1667347200,20800.0,20482.81,20048.04,20151.84,373716.27299,7633404092.43069,2022-11-02,,-1.0
7,1667433600,20393.32,20151.84,20031.24,20207.82,319185.1544,6461673165.23964,2022-11-03,,-1.0
8,1667520000,21302.05,20207.12,20180.96,21148.52,453694.39165,9409862204.9869,2022-11-04,,-1.0
9,1667606400,21480.65,21148.52,21080.65,21299.37,245621.98525,5240395528.9082,2022-11-05,,-1.0
10,1667692800,21365.27,21299.37,20886.13,20905.58,230036.97217,4877535058.4127,2022-11-06,,-1.0
11,1667779200,21069.77,20905.58,20384.89,20591.13,386977.60337,8035052131.59345,2022-11-07,,-1.0
12,1667865600,20700.88,20590.67,17166.83,18547.23,760705.362783,14758384309.8542,2022-11-08,,-1.0
13,1667952000,18587.76,18545.38,15588.0,15922.81,731926.929729,12737719697.394,2022-11-09,,-1.0
14,1668038400,18199.0,15922.68,15754.26,17601.15,608448.36432,10323294543.8804,2022-11-10,,-1.0
15,1668124800,17695.0,17602.45,16361.6,17070.31,393552.86492,6725273822.83781,2022-11-11,,-1.0
16,1668211200,17119.1,17069.98,16631.39,16812.08,167819.96035,2827930561.00638,2022-11-12,,-1.0
17,1668297600,16954.28,16813.16,16229.0,16329.85,184960.78846,3074280132.05352,2022-11-13,,-1.0
18,1668384000,17190.0,16331.78,15815.21,16619.46,380210.7775,6273920325.33683,2022-11-14,,-1.0
19,1668470400,17134.69,16617.72,16527.72,16900.57,282461.84391,4758545355.78683,2022-11-15,,-1.0
20,1668556800,17015.92,16900.57,16378.61,16662.76,261493.40809,4362538338.56532,2022-11-16,,-1.0
21,1668643200,16751.0,16661.61,16410.74,16692.56,228038.97873,3785204632.01422,2022-11-17,,-1.0
22,1668729600,17011.0,16692.56,16546.04,16700.45,214224.18184,3588467560.37312,2022-11-18,,-1.0
23,1668816000,16822.41,16699.43,16553.53,16700.68,104963.15558,1747627888.12955,2022-11-19,,-1.0
24,1668902400,16753.33,16700.68,16180.0,16280.23,154842.13478,2561165772.49571,2022-11-20,,-1.0
25,1668988800,16319.0,16279.5,15476.0,15781.29,324096.997753,5188798317.00415,2022-11-21,,-1.0
26,1669075200,16315.0,15781.29,15616.63,16226.94,239548.06623,3823612603.803,2022-11-22,,-1.0
27,1669161600,16706.0,16227.96,16160.2,16603.11,264927.70408,4368042618.50026,2022-11-23,,-1.0
28,1669248000,16812.63,16603.11,16458.05,16598.95,206565.92346,3431724405.65477,2022-11-24,,-1.0
29,1669334400,16666.0,16599.55,16342.81,16522.14,182089.49533,3003553172.22947,2022-11-25,,-1.0
30,1669420800,16701.99,16521.35,16385.0,16458.57,181804.81666,3011990387.64743,2022-11-26,,-1.0
31,1669507200,16600.0,16457.61,16401.0,16428.78,162025.47607,2679048565.5213,2022-11-27,,-1.0
32,1669593600,16487.04,16428.77,15995.27,16212.91,252695.40367,4096398587.35731,2022-11-28,,-1.0
33,1669680000,16548.71,16212.18,16100.0,16442.53,248106.25009,4072651066.99941,2022-11-29,,-1.0
34,1669766400,17249.0,16442.91,16428.3,17163.64,303019.80719,5123595199.50528,2022-11-30,,-1.0
35,1669852800,17324.0,17165.53,16855.01,16977.37,232818.18218,3972607179.86857,2022-12-01,,-1.0
36,1669939200,17105.73,16978.0,16787.85,17092.74,202372.2062,3432385161.66026,2022-12-02,,-1.0
37,1670025600,17188.98,17092.13,16858.74,16885.2,154542.57306,2622504252.86645,2022-12-03,,-1.0
38,1670112000,17202.84,16885.2,16878.25,17105.7,178619.13387,3040020095.05118,2022-12-04,,-1.0
39,1670198400,17424.25,17106.65,16867.0,16966.35,233703.29225,4015334796.60372,2022-12-05,,-1.0
40,1670284800,17107.01,16966.35,16906.37,17088.96,218730.76883,3717926010.34059,2022-12-06,,-1.0
41,1670371200,17142.21,17088.96,16678.83,16836.64,220657.41334,3723206794.30547,2022-12-07,,-1.0
42,1670457600,17299.0,16836.64,16733.49,17224.1,236417.97804,4009427525.03041,2022-12-08,,-1.0
43,1670544000,17360.0,17224.1,17058.21,17128.56,238422.06465,4097973425.69735,2022-12-09,,-1.0
44,1670630400,17227.72,17128.56,17092.0,17127.49,140573.97937,2411933258.8486,2022-12-10,,-1.0
45,1670716800,17270.99,17127.49,17071.0,17085.05,155286.47871,2663686104.08256,2022-12-11,,-1.0
46,1670803200,17241.89,17085.05,16871.85,17209.83,226227.49694,3844787581.48192,2022-12-12,,-1.0
47,1670889600,18000.0,17208.93,17080.14,17774.7,284462.9139,4983896040.379,2022-12-13,,-1.0
48,1670976000,18387.95,17775.82,17660.94,17803.15,266681.22209,4779915721.48446,2022-12-14,,-1.0
49,1671062400,17854.82,17804.01,17275.51,17356.34,223701.96882,3923378677.83375,2022-12-15,,-1.0
50,1671148800,17531.73,17356.96,16527.32,16632.12,253379.04116,4308933187.65654,2022-12-16,,-1.0
51,1671235200,16796.82,16631.5,16579.85,16776.52,144825.66684,2417851422.21313,2022-12-17,,-1.0
52,1671321600,16863.26,16777.54,16663.07,16738.21,112619.31646,1884666030.09924,2022-12-18,,-1.0
53,1671408000,16815.99,16739.0,16256.3,16438.88,179094.28305,2981094033.01381,2022-12-19,,-1.0
54,1671494400,17061.27,16438.88,16397.2,16895.56,248808.92324,4176995653.54571,2022-12-20,,-1.0
55,1671580800,16925.0,16896.15,16723.0,16824.67,156810.96362,2638528723.73604,2022-12-21,,-1.0
56,1671667200,16868.52,16824.68,16559.85,16821.43,176044.27235,2949612072.0493,2022-12-22,,-1.0
57,1671753600,16955.14,16821.9,16731.13,16778.5,161612.00947,2720021933.97893,2022-12-23,,-1.0
58,1671840000,16869.99,16778.52,16776.62,16836.12,100224.29096,1686757294.99263,2022-12-24,,-1.0
59,1671926400,16857.96,16835.73,16721.0,16832.11,125441.07202,2108857873.19167,2022-12-25,,-1.0
60,1672012800,16944.52,16832.11,16791.0,16919.39,124564.00656,2099037538.63179,2022-12-26,,-1.0
61,1672099200,16972.83,16919.39,16592.37,16706.36,173749.58616,2918379509.53141,2022-12-27,,-1.0
62,1672185600,16785.19,16706.06,16465.33,16547.31,193037.56577,3210894236.81239,2022-12-28,,-1.0
63,1672272000,16664.41,16547.32,16488.91,16633.47,160998.47158,2671665748.08162,2022-12-29,,-1.0
64,1672358400,16677.35,16633.47,16333.0,16607.48,164916.31174,2726831056.72503,2022-12-30,,-1.0
65,1672444800,16644.09,16607.48,16470.0,16542.4,114490.42864,1897047504.9189,2022-12-31,,-1.0
66,1672531200,16628.0,16541.77,16499.01,16616.75,96925.41374,1604793789.67721,2023-01-01,,-1.0
67,1672617600,16799.23,16617.17,16548.7,16672.87,121888.57191,2034683215.26788,2023-01-02,,-1.0
68,1672704000,16778.4,16672.78,16605.28,16675.18,159541.53733,2662765916.32567,2023-01-03,,-1.0
69,1672790400,16991.87,16675.65,16652.66,16850.36,220362.18862,3709833209.84536,2023-01-04,,-1.0
70,1672876800,16879.82,16850.36,16753.0,16831.85,163473.56641,2751080253.81773,2023-01-05,,-1.0
71,1672963200,17041.0,16831.85,16679.0,16950.65,207401.28415,3490305009.68812,2023-01-06,,-1.0
72,1673049600,16981.91,16950.31,16908.0,16943.57,104526.5688,1770201710.20897,2023-01-07,,-1.0
73,1673136000,17176.99,16943.83,16911.0,17127.83,135155.89695,2291925699.95855,2023-01-08,,-1.0
74,1673222400,17398.8,17127.83,17104.66,17178.26,266211.52723,4590284350.54617,2023-01-09,,-1.0
75,1673308800,17499.0,17179.04,17146.34,17440.66,221382.42581,3829247653.73111,2023-01-10,,-1.0
76,1673395200,18000.0,17440.64,17315.6,17943.26,262221.60653,4586965947.26355,2023-01-11,,-1.0
77,1673481600,19117.04,17943.26,17892.05,18846.62,454568.32178,8348431207.84601,2023-01-12,,-1.0
78,1673568000,20000.0,18846.62,18714.12,19930.01,368615.87823,7061633461.44473,2023-01-13,,-1.0
79,1673654400,21258.0,19930.01,19888.05,20954.92,393913.74951,8183071567.04619,2023-01-14,,-1.0
80,1673740800,21050.74,20952.76,20551.01,20871.5,178542.22549,3710526606.13896,2023-01-15,,-1.0
81,1673827200,21474.05,20872.99,20611.48,21185.65,293078.08262,6168654053.04264,2023-01-16,,-1.0
82,1673913600,21647.45,21185.65,20841.31,21134.81,275407.74409,5840585769.49009,2023-01-17,,-1.0
83,1674000000,21650.0,21132.29,20407.15,20677.47,350916.01949,7399719195.24673,2023-01-18,,-1.0
84,1674086400,21192.0,20677.47,20659.19,21071.59,251385.84925,5243024330.0112,2023-01-19,,-1.0
85,1674172800,22755.93,21071.59,20861.28,22667.21,338079.13659,7256172889.71053,2023-01-20,,-1.0
86,1674259200,23371.8,22666.0,22422.0,22783.55,346445.48432,7938935168.53201,2023-01-21,,-1.0
87,1674345600,23078.71,22783.35,22292.37,22707.88,253577.75286,5775552321.54412,2023-01-22,,-1.0
88,1674432000,23180.0,22706.02,22500.0,22916.45,293588.37938,6704191295.97568,2023-01-23,,-1.0
89,1674518400,23162.2,22917.81,22462.93,22632.89,293158.78254,6721432962.57384,2023-01-24,,-1.0
90,1674604800,23816.73,22631.94,22300.0,23060.94,346042.83223,7875590359.11584,2023-01-25,,-1.0
91,1674691200,23282.47,23060.42,22850.01,23009.65,288924.43581,6664592468.33793,2023-01-26,,-1.0
92,1674777600,23500.0,23009.65,22534.88,23074.16,280833.86315,6461707755.05392,2023-01-27,,-1.0
93,1674864000,23189.0,23074.16,22878.46,23022.6,148115.71085,3408985411.31659,2023-01-28,,-1.0
94,1674950400,23960.54,23021.4,22967.76,23742.3,295688.79204,6941922954.13641,2023-01-29,,-1.0
95,1675036800,23800.51,23743.37,22500.0,22826.15,302405.90121,7020727239.05965,2023-01-30,,-1.0
96,1675123200,23320.0,22827.38,22714.77,23125.13,264649.34909,6083858924.53848,2023-01-31,,-1.0
97,1675209600,23812.66,23125.13,22760.23,23732.66,310790.42271,7212542002.3251,2023-02-01,,-1.0
98,1675296000,24255.0,23731.41,23363.27,23488.94,364177.20751,8673696845.80511,2023-02-02,,-1.0
99,1675382400,23715.7,23489.33,23204.62,23431.9,332571.02904,7806490899.91418,2023-02-03,,-1.0
100,1675468800,23587.78,23431.9,23253.96,23326.84,166126.47295,3886777607.79605,2023-02-04,,-1.0
101,1675555200,23433.33,23327.66,22743.0,22932.91,209251.33917,4842463016.83393,2023-02-05,,-1.0
102,1675641600,23158.25,22932.91,22628.13,22762.52,265371.6069,6076050768.11704,2023-02-06,,-1.0
103,1675728000,23350.25,22762.52,22745.78,23240.46,308006.72482,7085929136.45685,2023-02-07,,-1.0
104,1675814400,23452.0,23242.42,22665.85,22963.0,280056.30717,6457585647.82066,2023-02-08,,-1.0
105,1675900800,23011.39,22961.85,21688.0,21796.35,402894.6955,9052973327.19716,2023-02-09,,-1.0
106,1675987200,21938.16,21797.83,21451.0,21625.19,338591.94247,7369456394.90665,2023-02-10,,-1.0
107,1676073600,21906.32,21625.19,21599.78,21862.55,177021.58433,3842000897.79758,2023-02-11,,-1.0
108,1676160000,22090.0,21862.02,21630.0,21783.54,204435.65163,4469822441.4372,2023-02-12,,-1.0
109,1676246400,21894.99,21782.37,21351.07,21773.97,295730.76791,6404813758.26963,2023-02-13,,-1.0
110,1676332800,22319.08,21774.63,21532.77,22199.84,361958.40109,7938385476.79208,2023-02-14,,-1.0
111,1676419200,24380.0,22199.84,22047.28,24324.05,375669.16111,8604133693.66317,2023-02-15,,-1.0
112,1676505600,25250.0,24322.87,23505.25,23517.72,450080.68366,11074988148.779,2023-02-16,,-1.0
113,1676592000,25021.11,23517.72,23339.37,24569.97,496813.21376,11968532252.0573,2023-02-17,,-1.0
114,1676678400,24877.0,24568.24,24430.0,24631.95,216917.25213,5339920389.51613,2023-02-18,,-1.0
115,1676764800,25192.0,24632.05,24192.57,24271.76,300395.99542,7408745406.62434,2023-02-19,,-1.0
116,1676851200,25121.23,24272.51,23840.83,24842.2,346938.56997,8561226688.07291,2023-02-20,,-1.0
117,1676937600,25250.0,24843.89,24148.34,24452.16,376000.82868,9280992344.42887,2023-02-21,,-1.0
118,1677024000,24476.05,24450.67,23574.69,24182.21,379425.75365,9101745945.99071,2023-02-22,,-1.0
119,1677110400,24599.59,24182.21,23608.0,23940.2,398400.45437,9596083721.51295,2023-02-23,19326.667,23940.2
120,1677196800,24132.35,23940.2,22841.19,23185.29,343582.57453,8087524100.39044,2023-02-24,19350.751833333336,23185.29
121,1677283200,23219.13,23184.04,22722.0,23157.07,191311.8101,4406286300.27212,2023-02-25,19372.128749999996,23157.07
122,1677369600,23689.99,23157.07,23059.18,23554.85,202323.73623,4716158181.22559,2023-02-26,19395.00525,23554.85
123,1677456000,23897.99,23554.85,23106.77,23492.09,283706.0859,6659785788.32937,2023-02-27,19418.876999999997,23492.09
124,1677542400,23600.0,23492.09,23020.97,23141.57,264140.99894,6172930936.03734,2023-02-28,19440.96725,23141.57
125,1677628800,24000.0,23141.57,23020.03,23628.97,315287.41737,7441571085.49541,2023-03-01,19467.178499999998,23628.97
126,1677715200,23796.93,23629.76,23195.9,23465.32,239315.45219,5603770010.23955,2023-03-02,19494.790833333336,23465.32
127,1677801600,23476.95,23465.32,21971.13,22354.34,319954.19785,7167184765.74365,2023-03-03,19512.678499999998,22354.34
128,1677888000,22410.0,22354.34,22157.08,22346.57,121257.38132,2706422995.68026,2023-03-04,19522.662249999998,22346.57
129,1677974400,22662.09,22346.57,22189.22,22430.24,154841.75786,3473011455.18795,2023-03-05,19532.086166666668,22430.24
130,1678060800,22602.19,22430.24,22258.0,22410.0,203751.82957,4569102169.18569,2023-03-06,19544.623000000003,22410.0
131,1678147200,22557.91,22409.41,21927.0,22197.96,292519.80912,6517594938.24605,2023-03-07,19558.01325,22197.96
132,1678233600,22287.0,22198.56,21580.0,21705.44,301460.57272,6641171704.24242,2023-03-08,19584.331666666665,21705.44
133,1678320000,21834.99,21704.37,20042.72,20362.22,443658.28584,9403028764.70777,2023-03-09,19621.326750000004,20362.22
134,1678406400,20367.78,20362.21,19549.09,20150.69,618456.4671,12344992788.9125,2023-03-10,19642.572916666668,20150.69
135,1678492800,20686.51,20150.69,19765.03,20455.73,427831.82133,8651590672.46852,2023-03-11,19670.78475,20455.73
136,1678579200,22150.0,20455.73,20270.6,21997.11,430944.94288,8982418413.80114,2023-03-12,19713.993333333336,21997.11
137,1678665600,24500.0,21998.05,21813.88,24113.48,687889.31259,15824996078.6056,2023-03-13,19778.856916666668,24113.48
138,1678752000,26386.87,24112.27,23976.42,24670.41,699360.93423,17465307097.8841,2023-03-14,19845.94816666667,24670.41
139,1678838400,25196.97,24670.41,23896.95,24285.66,581450.72984,14291005743.8979,2023-03-15,19907.49058333333,24285.66
140,1678924800,25167.4,24285.66,24123.0,24998.78,439421.32998,10847330151.941,2023-03-16,19976.957416666668,24998.78
141,1679011200,27756.84,24998.78,24890.0,27395.13,624460.68091,16476681071.2434,2023-03-17,20066.1455,27395.13
142,1679097600,27724.85,27395.13,26578.0,26907.49,371238.97174,10135945069.6426,2023-03-18,20151.204166666666,26907.49
143,1679184000,28390.1,26907.49,26827.22,27972.87,372066.99054,10264707987.5942,2023-03-19,20245.13908333333,27972.87
144,1679270400,28472.0,27972.87,27124.47,27717.01,477378.23373,13300424536.5149,2023-03-20,20340.445583333334,27717.01
145,1679356800,28438.55,27717.01,27303.1,28105.47,420929.7422,11760492716.3376,2023-03-21,20443.147083333333,28105.47
146,1679443200,28868.05,28107.81,26601.8,27250.97,224113.41296,6272099822.44962,2023-03-22,20535.014000000003,27250.97
147,1679529600,28750.0,27250.97,27105.0,28295.41,128649.60818,3591123573.11496,2023-03-23,20632.449833333332,28295.41
148,1679616000,28374.3,28295.42,27000.0,27454.47,86242.06544,2403443392.0273,2023-03-24,20722.9125,27454.47
149,1679702400,27787.33,27454.46,27156.09,27462.95,50844.08102,1397227639.21414,2023-03-25,20814.085916666667,27462.95
150,1679788800,28194.4,27462.96,27417.76,27968.05,49671.70353,1380973402.99612,2023-03-26,20909.99825,27968.05
151,1679875200,28023.86,27968.05,26508.14,27124.91,88039.46898,2407130888.0346,2023-03-27,20999.132666666665,27124.91
152,1679961600,27520.0,27124.9,26631.78,27261.07,78602.44341,2124533606.76556,2023-03-28,21091.200666666668,27261.07
153,1680048000,28650.0,27261.06,27240.1,28348.6,89486.16008,2519887866.21116,2023-03-29,21190.417916666665,28348.6
154,1680134400,29184.68,28348.6,27686.0,28028.53,98865.43256,2808471938.64244,2023-03-30,21280.958666666666,28028.53
155,1680220800,28656.69,28028.53,27511.71,28465.36,78198.12139,2203253311.77735,2023-03-31,21376.69191666667,28465.36
156,1680307200,28819.71,28465.36,28220.27,28452.73,30238.44753,860804237.452269,2023-04-01,21471.3585,28452.73
157,1680393600,28530.0,28452.74,27856.43,28171.87,37365.65692,1053600933.06768,2023-04-02,21565.414083333337,28171.87
158,1680480000,28500.99,28171.87,27200.24,27800.0,79180.01405,2214361048.78237,2023-04-03,21654.53325,27800.0
159,1680566400,28444.44,27800.0,27662.79,28165.47,49722.55691,1397141464.87504,2023-04-04,21747.859249999998,28165.47
160,1680652800,28775.0,28165.47,27805.1,28170.01,60737.64732,1721098539.06606,2023-04-05,21840.201333333334,28170.01
161,1680739200,28182.05,28170.01,27711.0,28033.82,40118.94963,1122713087.55618,2023-04-06,21933.511166666667,28033.82
162,1680825600,28100.0,28033.83,27766.94,27906.33,24762.09387,691323748.928641,2023-04-07,22022.52975,27906.33
163,1680912000,28154.99,27906.34,27859.02,27938.38,19479.96735,545324518.686076,2023-04-08,22112.611583333335,27938.38
164,1680998400,28530.0,27938.38,27800.0,28323.76,32531.16101,913915923.695196,2023-04-09,22205.913833333336,28323.76
165,1681084800,29770.0,28323.76,28170.0,29637.34,67754.0622,1955300943.17083,2023-04-10,22310.51625,29637.34
166,1681171200,30550.0,29637.35,29590.0,30200.42,67990.07621,2046078278.08212,2023-04-11,22418.771166666666,30200.42
167,1681257600,30486.0,30200.43,29637.4,29888.07,62049.48451,1863497606.14153,2023-04-12,22519.715916666664,29888.07
168,1681344000,30595.0,29888.07,29854.59,30373.84,51934.11731,1571091101.12997,2023-04-13,22624.471666666668,30373.84
169,1681430400,31000.0,30373.84,29966.0,30466.93,75984.19452,2323267494.38023,2023-04-14,22733.726583333333,30466.93
170,1681516800,30595.6,30466.93,30202.0,30295.09,25429.81247,772211097.614016,2023-04-15,22847.58466666667,30295.09
171,1681603200,30549.99,30295.1,30120.0,30304.65,26431.99322,801322926.152565,2023-04-16,22960.319083333332,30304.65
172,1681689600,30316.06,30304.66,29240.65,29430.27,56441.81127,1675287761.43304,2023-04-17,23066.08625,29430.27
173,1681776000,30485.0,29430.27,29096.78,30380.01,62004.89434,1861001491.9787,2023-04-18,23182.262333333332,30380.01
174,1681862400,30413.53,30380.01,28520.0,28797.1,86575.48656,2541283888.30345,2023-04-19,23281.441833333334,28797.1
175,1681948800,29088.3,28797.1,28010.0,28243.65,76879.09372,2198854031.42475,2023-04-20,23376.6,28243.65
176,1682035200,28374.02,28243.65,27125.0,27262.84,77684.7679,2164667611.93546,2023-04-21,23463.61175,27262.84
177,1682121600,27882.72,27262.84,27140.35,27816.85,36023.69686,989379475.321823,2023-04-22,23555.597999999998,27816.85
178,1682208000,27816.85,27816.85,27311.25,27590.6,34812.09581,959389698.757255,2023-04-23,23645.218666666664,27590.6
179,1682294400,28000.0,27590.59,26942.82,27510.93,53111.56874,1458406515.64042,2023-04-24,23734.208833333334,27510.93
180,1682380800,28399.99,27510.93,27192.0,28300.79,52325.14637,1446329375.24273,2023-04-25,23829.05383333333,28300.79
181,1682467200,30036.0,28300.8,27235.0,28410.0,129114.4254,3716462031.37902,2023-04-26,23926.584166666667,28410.0
182,1682553600,29890.0,28415.29,28378.86,29476.23,95418.51059,2784496742.96487,2023-04-27,24034.325166666666,29476.23
183,1682640000,29599.54,29472.77,28891.0,29323.74,54276.30652,1590042970.89647,2023-04-28,24140.077416666667,29323.74
184,1682726400,29448.88,29311.69,29031.0,29231.13,20463.17437,599360035.51598,2023-04-29,24245.274500000003,29231.13
185,1682812800,29969.39,29230.45,29079.59,29226.06,39751.43101,1172122933.47351,2023-04-30,24350.971666666665,29226.06
186,1682899200,29337.34,29233.2,27666.95,28077.79,64411.96789,1827612224.52536,2023-05-01,24446.48033333333,28077.79
187,1682985600,28879.88,28068.26,27872.0,28669.59,50821.83094,1441656758.29852,2023-05-02,24546.453,28669.59
188,1683072000,29266.66,28669.85,28113.69,29022.14,64612.86965,1845876398.12893,2023-05-03,24649.34433333333,29022.14
189,1683158400,29379.83,29026.16,28663.64,28838.17,42574.99321,1233802241.93418,2023-05-04,24749.24275,28838.17
190,1683244800,29677.0,28838.16,28800.0,29505.89,58412.56585,1709690489.08031,2023-05-05,24854.85975,29505.89
191,1683331200,29820.0,29505.6,28300.0,28848.19,49249.2581,1429517128.59178,2023-05-06,24954.005916666665,28848.19
192,1683417600,29138.29,28848.19,28395.23,28400.01,29975.68741,865050763.411602,2023-05-07,25049.47625,28400.01
193,1683504000,28631.01,28430.09,27262.0,27668.79,68244.30266,1903051058.61242,2023-05-08,25137.317583333333,27668.79
194,1683590400,27818.0,27668.8,27353.0,27631.52,40105.9448,1106720386.17922,2023-05-09,25224.428083333336,27631.52
195,1683676800,28331.42,27628.28,26777.0,27604.26,71109.10902,1969903757.40338,2023-05-10,25309.12475,27604.26
196,1683763200,27630.14,27598.74,26702.05,26980.4,47619.78067,1295380112.98782,2023-05-11,25384.43425,26980.4
197,1683849600,27091.12,26968.61,25811.46,26795.94,67199.56561,1776827868.96982,2023-05-12,25450.678583333334,26795.94
198,1683936000,27045.45,26795.01,26692.03,26772.8,22812.90671,612009372.884089,2023-05-13,25507.701833333336,26772.8
199,1684022400,27200.0,26775.27,26560.53,26917.61,21594.60341,580796309.36388,2023-05-14,25557.390916666664,26917.61
200,1684108800,27663.59,26917.61,26726.0,27188.45,40404.40334,1103935319.83976,2023-05-15,25610.032166666664,27188.45
201,1684195200,27296.89,27162.15,26852.11,27022.39,33234.66638,899306150.258214,2023-05-16,25658.67166666667,27022.39
202,1684281600,27500.0,27033.85,26544.71,27405.62,42958.96558,1159714191.36838,2023-05-17,25710.928416666666,27405.62
203,1684368000,27485.33,27405.62,26361.2,26825.97,49197.3559,1330710821.00781,2023-05-18,25762.16591666667,26825.97
204,1684454400,27183.6,26821.28,26630.0,26880.26,28754.10825,772864026.288846,2023-05-19,25810.5715,26880.26
205,1684540800,27150.0,26880.26,26825.11,27117.86,14403.6597,388388273.52337,2023-05-20,25847.66025,27117.86
206,1684627200,27277.55,27102.42,26666.03,26750.01,21306.80201,574115254.630284,2023-05-21,25880.714083333332,26750.01
207,1684713600,27099.89,26747.78,26538.21,26849.27,26458.28185,709580056.982139,2023-05-22,25915.22566666667,26849.27
208,1684800000,27495.83,26849.28,26798.11,27219.6,38695.47027,1054419658.30853,2023-05-23,25951.08525,27219.6
209,1684886400,27219.61,27219.61,26080.5,26339.94,54353.33348,1441589929.00886,2023-05-24,25981.977333333332,26339.94
210,1684972800,26631.98,26329.0,25871.89,26473.65,37432.41214,984037393.844768,2023-05-25,26010.41658333333,26473.65
211,1685059200,26932.16,26473.8,26327.24,26708.84,35054.83634,932648103.938717,2023-05-26,26041.243166666667,26708.84
212,1685145600,26895.0,26705.93,26551.0,26854.27,15094.31887,403300530.956488,2023-05-27,26072.74408333333,26854.27
213,1685232000,28261.32,26854.28,26764.36,28071.42,43820.39643,1203077985.01632,2023-05-28,26114.817583333337,28071.42
214,1685318400,28447.14,28065.01,27524.6,27742.42,42341.9092,1181471606.43397,2023-05-29,26148.151916666666,27742.42
215,1685404800,28038.59,27736.39,27554.0,27685.02,32648.6593,907598940.079536,2023-05-30,26188.6425,27685.02
216,1685491200,27835.51,27694.39,26839.01,27209.05,46586.47458,1265888749.96931,2023-05-31,26222.675166666668,27209.05
217,1685577600,27350.0,27210.36,26605.05,26810.93,39212.61994,1054993372.35749,2023-06-01,26248.327416666667,26810.93
218,1685664000,27300.0,26817.93,26505.0,27238.39,36368.17925,983510462.936471,2023-06-02,26279.572833333335,27238.39
219,1685750400,27333.29,27242.59,26914.93,27061.5,16565.48124,449780360.459537,2023-06-03,26309.8195,27061.5
220,1685836800,27455.02,27069.22,26951.0,27120.99,19255.19005,523659901.937076,2023-06-04,26341.437416666664,27120.99
221,1685923200,27129.33,27115.2,25388.0,25750.1,65754.90999,1721361500.41736,2023-06-05,26364.914,-1.0
222,1686009600,27355.33,25728.2,25351.02,27227.72,68391.56476,1797607716.89726,2023-06-06,26402.124,27227.72
223,1686096000,27391.77,27230.07,26125.01,26340.0,59614.75513,1589167974.6047,2023-06-07,26427.9535,-1.0
224,1686182400,26810.0,26339.34,26210.0,26498.62,31073.73404,822976555.766034,2023-06-08,26457.417,26498.62
225,1686268800,26783.33,26498.62,26269.91,26477.75,27927.32146,740962590.958177,2023-06-09,26496.428666666667,-1.0
226,1686355200,26533.87,26477.8,25358.0,25842.79,64936.34727,1673581944.95328,2023-06-10,26531.575333333334,-1.0
227,1686441600,26206.88,25841.22,25634.7,25925.55,30013.33658,776086599.678302,2023-06-11,26565.433666666664,-1.0
228,1686528000,26106.48,25925.54,25602.11,25908.17,29896.44886,773198511.400895,2023-06-12,26599.80558333334,-1.0
229,1686614400,26433.21,25905.2,25712.57,25929.99,41052.6358,1068648802.70389,2023-06-13,26634.439083333335,-1.0
230,1686700800,26098.0,25934.24,24820.56,25128.63,45049.32917,1152105107.89727,2023-06-14,26658.845666666668,-1.0
231,1686787200,25759.01,25128.6,24800.0,25598.48,48658.62344,1224277312.25333,2023-06-15,26669.465916666664,-1.0
232,1686873600,26518.0,25598.49,25175.56,26345.0,51595.12954,1335111078.01196,2023-06-16,26693.026583333332,-1.0
233,1686960000,26839.99,26345.01,26181.0,26522.34,27829.18433,738146113.900094,2023-06-17,26709.296333333335,-1.0
234,1687046400,26700.0,26516.99,26255.85,26339.97,21535.47322,570938287.356878,2023-06-18,26723.52983333333,-1.0
235,1687132800,27068.09,26339.98,26256.61,26812.82,35715.40808,949973829.248116,2023-06-19,26744.705333333335,26812.82
236,1687219200,28402.74,26844.35,26652.0,28313.71,69607.46948,1911114315.08782,2023-06-20,26773.634583333333,28313.71
237,1687305600,30800.0,28308.0,28257.99,30059.75,108553.96382,3199122112.47171,2023-06-21,26820.364500000003,30059.75
238,1687392000,30500.0,29993.89,29525.61,29906.57,59021.84295,1774843810.52229,2023-06-22,26868.0675,29906.57
239,1687478400,31431.94,29884.92,29800.0,30673.31,73845.2253,2262418896.42018,2023-06-23,26924.17675,30673.31
240,1687564800,30800.0,30688.51,30250.0,30527.43,30511.77554,933197818.636776,2023-06-24,26985.36125,30527.43
241,1687651200,31046.01,30527.44,30277.49,30461.14,30218.79249,926174829.358159,2023-06-25,27046.2285,30461.14
242,1687737600,30666.0,30462.67,29930.0,30268.01,45169.76459,1367515314.22752,2023-06-26,27102.1715,30268.01
243,1687824000,30994.97,30267.99,30226.17,30682.01,42691.53407,1305957459.66203,2023-06-27,27162.0875,30682.01
244,1687910400,30709.74,30692.44,29858.8,30090.27,40440.54116,1223412468.78106,2023-06-28,27219.993333333332,30090.27
245,1687996800,30843.98,30077.4,30049.98,30444.01,36322.62199,1107696619.88719,2023-06-29,27276.785333333337,30444.01
246,1688083200,31282.0,30447.31,29500.0,30477.43,89373.16234,2724956379.40019,2023-06-30,27335.21958333333,30477.43
247,1688169600,30661.6,30471.99,30320.57,30589.03,17481.10702,533227918.504894,2023-07-01,27403.842,30589.03
248,1688256000,30791.0,30585.9,30155.0,30576.16,22970.61871,701366036.818292,2023-07-02,27472.42191666667,30576.16
249,1688342400,31380.0,30617.02,30570.27,31123.99,43618.41318,1348174487.60797,2023-07-03,27544.869833333334,31123.99
250,1688428800,31350.69,31156.2,30620.0,30769.98,33192.49501,1028374854.44127,2023-07-04,27614.536333333333,30769.98
251,1688515200,30878.07,30766.52,30200.0,30512.71,33204.16867,1013343844.96014,2023-07-05,27683.825916666665,30512.71
252,1688601600,31500.0,30504.8,29850.45,29897.91,71260.77837,2180003991.25527,2023-07-06,27752.0965,29897.91
253,1688688000,30449.0,29895.42,29701.02,30344.7,34070.45694,1027459306.66409,2023-07-07,27835.28383333333,30344.7
254,1688774400,30386.81,30344.7,30044.47,30289.79,13082.10442,395381551.626596,2023-07-08,27919.77633333333,30289.79
255,1688860800,30445.52,30284.63,30061.12,30160.71,15387.79451,465760177.066093,2023-07-09,28000.651166666663,30160.71
256,1688947200,30227.03,30160.71,29950.0,30108.02,4239.01942,127458970.56192,2023-07-10,28068.24208333333,30108.02
257,1689033600,30813.63,30411.57,30300.0,30622.09,28476.35647,868951648.528007,2023-07-11,28122.4805,30622.09
258,1689120000,30983.25,30622.1,30210.0,30391.99,38083.43031,1165720549.62051,2023-07-12,28170.16033333333,30391.99
259,1689206400,31804.2,30380.0,30251.0,31450.93,70765.49511,2194706300.67148,2023-07-13,28229.87091666667,31450.93
260,1689292800,31630.0,31454.23,29900.0,30312.01,60743.18044,1869252192.94028,2023-07-14,28274.147833333333,30312.01
261,1689379200,30390.9,30312.0,30200.0,30289.53,14118.40476,427916595.399402,2023-07-15,28298.267833333335,30289.53
262,1689465600,30441.46,30289.52,30064.29,30230.88,15759.44034,477168535.924532,2023-07-16,28325.96275,30230.88
263,1689552000,30336.96,30232.0,29659.2,30138.01,30881.30349,929603495.084677,2023-07-17,28344.005583333335,30138.01
264,1689638400,30239.78,30138.01,29512.0,29865.0,29998.58518,896999569.069249,2023-07-18,28361.9055,29865.0
265,1689724800,30189.09,29859.14,29761.96,29877.29,24906.73726,746819498.099109,2023-07-19,28376.670666666665,29877.29
266,1689811200,30417.46,29909.21,29570.96,29796.72,37276.7007,1118084566.26874,2023-07-20,28397.88525,29796.72
267,1689897600,30061.7,29800.0,29726.34,29900.83,23860.33593,712493328.94359,2023-07-21,28411.26375,29900.83
268,1689984000,29999.0,29901.72,29625.1,29786.99,14629.07027,436852355.431802,2023-07-22,28430.701416666667,29786.99
269,1690070400,30350.0,29793.99,29730.0,30090.81,18287.11211,548769593.556373,2023-07-23,28452.60025,30090.81
270,1690156800,30099.58,30083.75,28861.9,29176.51,39627.02061,1162504752.29831,2023-07-24,28462.67075,29176.51
271,1690243200,29376.0,29176.5,29047.65,29235.76,21524.54838,628327058.546862,2023-07-25,28480.261166666667,29235.76
272,1690329600,29690.0,29228.91,29096.94,29351.96,33930.19889,995527058.831705,2023-07-26,28497.68525,29351.96
273,1690416000,29567.49,29351.95,29083.85,29209.71,22433.49709,658338388.667698,2023-07-27,28504.861166666666,29209.71
274,1690502400,29542.22,29222.78,29123.12,29314.14,23993.27589,702695098.89058,2023-07-28,28515.57458333333,29314.14
275,1690588800,29406.92,29314.14,29256.18,29354.0,10844.74909,318082434.030048,2023-07-29,28522.979916666667,29354.0
276,1690675200,29449.0,29352.9,29033.24,29273.91,15676.10628,458926600.686782,2023-07-30,28529.823083333333,29273.91
277,1690761600,29530.0,29281.09,29264.0,29448.87,11533.2951,339212906.839304,2023-07-31,28540.46475,29448.87
278,1690848000,29720.0,29232.26,28585.7,29691.73,44572.3581,1294783088.45459,2023-08-01,28556.229166666668,29691.73
279,1690934400,30047.5,29705.99,29253.33,29322.5,30706.88071,909985760.78525,2023-08-02,28565.871083333335,29322.5
280,1691020800,29433.33,29186.0,28968.0,29224.7,26367.83565,770115574.280087,2023-08-03,28574.660166666665,29224.7
281,1691107200,29333.08,29193.65,28807.54,29104.01,23345.70883,680638250.607939,2023-08-04,28583.578416666667,29104.01
282,1691193600,29152.23,29114.0,28978.64,29078.31,11584.22572,336696370.467446,2023-08-05,28593.34491666667,29078.31
283,1691280000,29205.09,29072.13,28991.88,29098.64,13088.04886,380586751.12923,2023-08-06,28603.01375,29098.64
284,1691366400,29276.78,29088.43,28701.03,29200.13,30768.44852,893696229.6986,2023-08-07,28610.31683333333,29200.13
285,1691452800,30244.0,29211.06,29146.45,29782.64,45477.99199,1346308116.60155,2023-08-08,28611.527666666665,29782.64
286,1691539200,30160.0,29770.41,29376.67,29607.41,37858.9221,1126107703.19636,2023-08-09,28606.585916666667,29607.41
287,1691625600,29738.0,29581.99,29320.2,29422.69,21408.63607,632344495.698325,2023-08-10,28602.70775,29422.69
288,1691712000,29564.52,29455.76,29252.45,29410.8,20451.50583,601716454.285058,2023-08-11,28594.682416666663,29410.8
289,1691798400,29481.35,29426.02,29381.56,29433.16,8833.4541,259887165.917798,2023-08-12,28586.067666666666,29433.16
290,1691884800,29474.65,29430.18,29272.32,29333.99,10767.15328,316457132.081282,2023-08-13,28578.0585,29333.99
291,1691971200,29429.95,29303.85,29102.45,29393.99,9068.73303,265390639.917887,2023-08-14,28570.469666666664,29393.99
292,1692057600,29499.26,29430.92,29059.6,29200.0,27503.87691,806683957.310016,2023-08-15,28568.55075,29200.0
293,1692144000,29259.85,29200.01,28723.08,28730.51,32996.69854,959870747.006314,2023-08-16,28554.804916666668,28730.51
294,1692230400,28783.48,28730.51,28670.52,28752.0,1245.98909,35801153.8830183,2023-08-17,28554.429083333336,28752.0
295,1692316800,26832.6,26623.41,25619.0,26054.0,69790.65711,1834219523.6994,2023-08-18,28536.182000000004,-1.0
296,1692403200,26154.57,26054.0,25924.0,25962.03,3971.55768,103394085.690903,2023-08-19,28525.341916666664,-1.0
297,1692489600,26299.0,26100.01,25971.05,26189.99,19056.91209,497880752.230116,2023-08-20,28511.784750000003,-1.0
298,1692576000,26258.42,26190.0,25812.0,26126.92,30267.24233,788205156.321592,2023-08-21,28499.58741666667,-1.0
299,1692662400,26139.42,26126.92,25300.0,26026.0,33794.12026,419496595.033071,2023-08-22,28487.213,-1.0
300,1692748800,26819.27,26055.99,25812.82,26461.99,43674.43319,573589455.032882,2023-08-23,28471.889666666666,-1.0
301,1692835200,26577.87,26432.71,25864.0,26128.65,29666.87081,358925438.78119,2023-08-24,28452.878416666663,-1.0
302,1692921600,26314.05,26180.05,25777.15,26047.8,27625.1599,343127930.778502,2023-08-25,28424.308166666666,-1.0
303,1693008000,26125.77,26060.0,25985.92,26015.98,9885.45426,119645787.144342,2023-08-26,28396.7435,-1.0
304,1693094400,26182.23,26017.38,25966.11,26095.44,12041.88855,160087494.878067,2023-08-27,28370.612749999997,-1.0
305,1693180800,26253.99,26101.78,25864.5,26121.93,22574.50266,282791977.553137,2023-08-28,28344.745000000003,-1.0
306,1693267200,28142.85,26120.0,25922.0,27668.71,73533.23555,1024127940.60028,2023-08-29,28341.336000000003,-1.0
307,1693353600,27768.57,27716.34,27017.24,27300.0,35339.79554,455633752.661276,2023-08-30,28329.92275,-1.0
308,1693440000,27587.51,27299.99,25655.01,25966.87,50622.24262,650456808.867309,2023-08-31,28304.462166666668,-1.0
309,1693526400,26156.0,25940.77,25333.75,25833.04,40840.91853,513485640.498726,2023-09-01,28279.419416666664,-1.0
310,1693612800,25987.5,25805.04,25752.47,25865.31,16178.81257,196540424.856687,2023-09-02,28249.08125,-1.0
311,1693699200,26135.0,25869.52,25800.0,25953.65,17361.64476,221089209.752684,2023-09-03,28224.96008333333,-1.0
312,1693785600,26108.02,25971.21,25631.21,25822.55,21458.26328,259575223.009385,2023-09-04,28203.48125,-1.0
313,1693872000,25915.49,25826.03,25562.62,25801.23,21183.71229,254334434.249834,2023-09-05,28187.91825,-1.0
314,1693958400,26040.0,25792.11,25372.51,25761.75,27183.03834,326609141.939242,2023-09-06,28172.33683333333,-1.0
315,1694044800,26443.14,25759.95,25615.38,26189.44,27277.83863,344751140.377427,2023-09-07,28160.54666666667,-1.0
316,1694131200,26445.5,26255.0,25647.26,25909.45,28912.30165,369078594.145164,2023-09-08,28151.622083333335,-1.0
317,1694217600,25945.09,25910.5,25796.64,25902.42,10928.19499,134195740.248785,2023-09-09,28144.176083333332,-1.0
318,1694304000,26033.66,25901.6,25570.57,25850.99,18635.59279,224336823.645369,2023-09-10,28136.494333333332,-1.0
319,1694390400,25900.69,25841.6,24901.0,25148.47,41480.47999,496089536.276731,2023-09-11,28121.751500000002,-1.0
320,1694476800,26567.0,25162.53,25131.48,25838.2,56228.78192,716611158.39052,2023-09-12,28110.499416666666,-1.0
321,1694563200,26405.22,25840.1,25764.17,26207.55,31501.74761,397839418.965815,2023-09-13,28103.70908333333,-1.0
322,1694649600,26860.49,26222.0,26126.77,26504.57,38140.59315,512426737.595785,2023-09-14,28096.200333333334,-1.0
323,1694736000,26888.0,26522.73,26224.0,26690.0,25846.05866,329581957.562267,2023-09-15,28095.06725,-1.0
324,1694822400,26777.0,26599.99,26445.0,26546.64,13908.41759,172155743.079782,2023-09-16,28092.287083333336,-1.0
325,1694908800,26623.25,26559.67,26399.0,26495.59,12831.08402,166070260.624303,2023-09-17,28087.101499999997,-1.0
326,1694995200,27409.0,26527.5,26377.35,26748.41,42757.92905,577487912.391306,2023-09-18,28087.08816666667,-1.0
327,1695081600,27483.57,26762.5,26667.79,27196.95,36062.57495,482116854.913762,2023-09-19,28089.985500000003,-1.0
328,1695168000,27388.63,27210.25,26800.0,27135.92,34016.09293,458580479.876277,2023-09-20,28089.28816666667,-1.0
329,1695254400,27159.6,27125.01,26377.7,26558.88,34367.74534,449281253.494534,2023-09-21,28091.112666666668,-1.0
330,1695340800,26743.38,26568.08,26468.77,26588.29,18107.13758,225074102.178416,2023-09-22,28092.068000000003,-1.0
331,1695427200,26632.81,26580.14,26509.0,26570.63,9383.01837,115765074.698232,2023-09-23,28090.91625,-1.0
332,1695513600,26738.54,26575.97,26122.08,26244.24,15465.06737,196393221.35503,2023-09-24,28085.83266666667,-1.0
333,1695600000,26446.15,26248.39,25990.46,26283.42,26126.41469,329697308.571881,2023-09-25,28070.932666666668,-1.0
334,1695686400,26397.46,26304.8,26088.34,26221.67,18495.35066,231246870.547459,2023-09-26,28058.25975,-1.0
335,1695772800,26850.0,26221.68,26112.06,26373.19,34543.28005,441406664.50119,2023-09-27,28047.327833333333,-1.0
336,1695859200,27308.48,26373.0,26342.4,27032.1,44397.00063,601007232.482815,2023-09-28,28045.85325,-1.0
337,1695945600,27244.89,27021.39,26665.16,26915.01,28392.23497,387673130.385273,2023-09-29,28046.720583333332,-1.0
338,1696032000,27094.99,26906.96,26886.31,26969.56,12788.12501,167628206.790723,2023-09-30,28044.48033333333,-1.0
339,1696118400,28065.51,26962.57,26954.09,27960.9,24450.33628,348869892.48056,2023-10-01,28051.97533333333,-1.0
340,1696204800,28580.0,27992.58,27281.44,27612.43,56598.07628,793493773.304641,2023-10-02,28056.070666666667,-1.0
341,1696291200,27676.52,27494.51,27160.5,27433.51,28852.49257,371434563.334588,2023-10-03,28070.099083333334,-1.0
342,1696377600,27839.72,27426.45,27202.0,27794.13,29703.22267,412483830.290764,2023-10-04,28074.819166666668,-1.0
343,1696464000,28120.39,27778.57,27352.0,27436.37,30635.40878,414723589.316491,2023-10-05,28083.955583333336,-1.0
344,1696550400,28295.0,27410.39,27175.94,27935.73,37935.92424,528725931.145452,2023-10-06,28095.931500000002,-1.0
345,1696636800,28029.67,27931.1,27842.08,27957.94,13321.6435,178176606.531534,2023-10-07,28108.26641666667,-1.0
346,1696723200,28095.14,27956.67,27687.5,27936.66,19652.41242,256826837.240652,2023-10-08,28125.715333333334,-1.0
347,1696809600,27987.93,27917.06,27260.0,27582.84,31486.60513,415326495.316648,2023-10-09,28139.526083333338,-1.0
348,1696896000,27735.0,27590.12,27298.0,27384.56,22758.91157,298171326.791156,2023-10-10,28151.829333333335,-1.0
349,1696982400,27477.39,27390.12,26538.66,26842.7,37250.72577,468834374.895922,2023-10-11,28159.43525,-1.0
350,1697068800,26947.04,26875.52,26555.0,26738.42,23377.57547,296898347.962241,2023-10-12,28172.850166666667,-1.0
351,1697155200,27130.0,26759.63,26685.0,26841.72,24063.59908,300243592.490376,2023-10-13,28183.2105,-1.0
352,1697241600,26989.58,26862.0,26789.0,26858.67,10400.32651,117576969.396852,2023-10-14,28187.491083333334,-1.0
353,1697328000,27293.33,26852.48,26808.25,27141.33,15219.27276,209909751.013054,2023-10-15,28192.64933333333,-1.0
354,1697414400,30000.0,27154.14,27112.66,28512.25,78311.72275,1147467822.57857,2023-10-16,28210.751666666667,28512.25
355,1697500800,28613.65,28500.77,28069.32,28406.26,38384.35702,538594760.337822,2023-10-17,28224.030333333332,28406.26
356,1697587200,28982.36,28395.91,28142.87,28322.69,32142.36817,443264377.044041,2023-10-18,28224.105166666664,28322.69
357,1697673600,28916.89,28320.0,28100.66,28699.79,35763.05764,523306752.350687,2023-10-19,28212.772166666666,28699.79
358,1697760000,30207.55,28713.71,28578.29,29665.02,59384.75093,869042898.841167,2023-10-20,28210.75925,29665.02
359,1697846400,30379.99,29669.05,29464.77,29910.0,27471.38387,412423757.526183,2023-10-21,28204.39833333333,29910.0
360,1697932800,30248.0,29909.8,29640.0,29993.35,22785.09775,333227288.231087,2023-10-22,28199.947666666663,29993.35
361,1698019200,34741.91,29992.46,29883.6,32930.01,93050.37436,1497536197.76652,2023-10-23,28220.521583333335,32930.01
362,1698105600,35280.0,33069.99,32832.34,33853.12,115132.11998,1957259903.58279,2023-10-24,28250.3975,33853.12
363,1698192000,35132.85,33922.73,33679.05,34452.59,54842.42887,899216085.462065,2023-10-25,28281.819000000003,34452.59
364,1698278400,34824.13,34496.05,33751.0,34166.0,39662.7884,634584614.277556,2023-10-26,28315.78341666667,34166.0
365,1698364800,34245.0,34151.66,33390.95,33889.09,32276.22725,484407153.342442,2023-10-27,28344.492416666664,33889.09
366,1698451200,34493.33,33892.01,33860.0,34090.43,16856.20225,283408182.107487,2023-10-28,28374.60075,34090.43
367,1698537600,34750.11,34081.01,33930.0,34545.69,20617.19317,344603105.663417,2023-10-29,28407.572916666668,34545.69
368,1698624000,34856.0,34525.88,34062.84,34476.64,33609.7422,524443872.777712,2023-10-30,28440.076916666665,34476.64
369,1698710400,34720.49,34474.74,34025.0,34644.77,32600.25574,541858916.407779,2023-10-31,28469.416749999997,34644.77
370,1698796800,35582.0,34639.78,34097.39,35439.02,53364.23198,893887112.289348,2023-11-01,28508.325416666667,35439.02
371,1698883200,35984.99,35421.43,34300.0,34923.46,47911.63635,816351903.004182,2023-11-02,28545.08166666667,34923.46
372,1698969600,34946.5,34941.58,34120.0,34713.62,38997.86496,659722042.115622,2023-11-03,28585.21258333333,34713.62
373,1699056000,35255.0,34716.78,34585.18,35019.71,18295.50369,319883003.441509,2023-11-04,28624.171,35019.71
374,1699142400,35380.0,35062.06,34448.0,35033.38,24473.06422,415069357.897099,2023-11-05,28663.70091666667,35033.38
375,1699228800,35276.33,35011.89,34725.9,35011.45,22297.48582,376090142.678163,2023-11-06,28704.123750000002,35011.45
376,1699315200,35888.0,35046.09,34523.06,35420.0,38607.6541,678824412.70079,2023-11-07,28748.39025,35420.0
377,1699401600,36106.0,35399.13,35100.0,35704.45,32729.35791,599260829.425913,2023-11-08,28790.74325,35704.45
378,1699488000,37972.24,35624.72,35534.05,36753.43,82319.86122,1546164436.43888,2023-11-09,28843.75525,36753.43
379,1699574400,37526.0,36701.1,36324.71,37321.89,43322.98725,789060542.277196,2023-11-10,28892.679916666664,37321.89
380,1699660800,37408.26,37301.63,36666.93,37111.3,22838.38442,395310330.755209,2023-11-11,28949.34066666667,37111.3
381,1699747200,37222.22,37129.99,36731.1,37055.61,17633.21045,314047251.721506,2023-11-12,29005.724666666665,37055.61
382,1699833600,37417.99,37064.13,36333.0,36516.28,32665.17988,566643199.838237,2023-11-13,29058.103,36516.28
383,1699920000,36744.0,36462.93,34800.0,35549.71,45396.17721,761420004.915379,2023-11-14,29103.200499999995,35549.71
384,1700006400,37929.99,35551.2,35360.0,37850.0,53176.31955,1022087687.08956,2023-11-15,29169.742166666663,37850.0
385,1700092800,37929.54,37858.2,35500.0,36220.19,47301.70073,812999637.634636,2023-11-16,29222.599666666665,36220.19
386,1700179200,36800.0,36163.51,35861.1,36510.0,38200.84068,667299402.569632,2023-11-17,29278.543666666665,36510.0
387,1700265600,36845.49,36613.91,36178.58,36560.26,17034.88836,294635581.828112,2023-11-18,29334.038916666665,36560.26
388,1700352000,37500.0,36568.11,36384.02,37367.59,21076.39551,386227417.661284,2023-11-19,29397.210583333333,37367.59
389,1700438400,37750.0,37359.85,36677.0,37459.58,35981.10438,655577010.497507,2023-11-20,29458.617000000002,37459.58
390,1700524800,37649.44,37448.79,35910.0,35940.19,46855.02416,814671351.875036,2023-11-21,29514.980999999996,35940.19
391,1700611200,37861.1,35741.65,35632.01,37442.18,44941.5055,845601344.501037,2023-11-22,29583.367833333334,37442.18
392,1700697600,37653.44,37408.35,36870.0,37278.69,23783.37627,412772756.960058,2023-11-23,29649.423916666667,37278.69
393,1700784000,38414.0,37294.27,37251.51,37710.52,44635.46619,844166752.213033,2023-11-24,29720.264000000003,37710.52
394,1700870400,37888.0,37713.57,37591.1,37786.0,11375.45658,194225818.863245,2023-11-25,29790.862833333333,37786.0
395,1700956800,37814.63,37780.67,37150.0,37487.99,21207.17883,381831136.890975,2023-11-26,29858.646083333333,37487.99
396,1701043200,37569.23,37447.42,36707.0,37267.99,29910.75775,534611924.565097,2023-11-27,29925.263416666665,37267.99
397,1701129600,38377.0,37242.7,36868.41,37782.21,37446.76092,682416786.876183,2023-11-28,29994.707916666663,37782.21
398,1701216000,38450.0,37818.88,37570.0,37808.48,32944.9984,590905217.126433,2023-11-29,30062.347499999996,37808.48
399,1701302400,38145.85,37854.65,37500.0,37708.85,24696.86911,432661159.760704,2023-11-30,30132.23375,37708.85
400,1701388800,38999.0,37723.97,37615.86,38669.05,43349.99402,860705530.741075,2023-12-01,30210.936666666665,38669.05
401,1701475200,39717.14,38682.51,38641.61,39460.06,26621.74657,513585495.795759,2023-12-02,30297.23708333333,39460.06
402,1701561600,40250.0,39450.35,39274.86,39919.26,26232.63812,517748916.292021,2023-12-03,30387.57833333333,39919.26
403,1701648000,42420.0,39972.26,39972.26,41905.79,78717.98874,1585478201.20378,2023-12-04,30494.304583333334,41905.79
404,1701734400,44488.0,41991.1,41414.0,44093.12,67224.02536,1484746582.94575,2023-12-05,30618.412833333332,44093.12
405,1701820800,44297.21,44073.82,43335.28,43723.96,51089.4066,1094059395.43194,2023-12-06,30734.5905,43723.96
406,1701907200,44047.33,43762.69,42821.1,43276.74,46486.2745,969899783.512354,2023-12-07,30848.501583333335,43276.74
407,1701993600,44700.0,43273.15,43081.1,44178.33,42330.27231,898551558.667939,2023-12-08,30971.46525,44178.33
408,1702080000,44358.02,44171.0,43584.51,43680.47,24385.87466,498261825.178772,2023-12-09,31090.379166666666,43680.47
409,1702166400,44049.0,43713.59,43563.0,43696.13,18612.41977,378605496.756551,2023-12-10,31209.237250000002,43696.13
410,1702252800,43804.5,43789.5,40222.0,41196.0,76394.67916,1520608294.42198,2023-12-11,31308.087333333333,41196.0
411,1702339200,42104.12,41253.41,40680.0,41535.48,42271.56886,878701595.664639,2023-12-12,31409.26641666667,41535.48
412,1702425600,43475.2,41492.38,40555.0,42914.21,45440.01588,928079580.388516,2023-12-13,31523.5515,42914.21
413,1702512000,43420.0,42869.03,41400.0,42965.55,41738.72225,872885851.044009,2023-12-14,31642.17683333333,42965.55
414,1702598400,43080.81,43022.26,41666.0,41944.5,33095.0127,685616729.370868,2023-12-15,31752.11433333333,41944.5
415,1702684800,42724.43,41940.29,41605.0,42238.27,23967.55263,512795858.964331,2023-12-16,31886.983249999997,42238.27
416,1702771200,42424.07,42278.02,41252.0,41330.43,27083.62055,541242710.013512,2023-12-17,32015.05325,41330.43
417,1702857600,42757.81,41374.64,40542.93,42620.55,46247.72854,953385839.436651,2023-12-18,32151.974583333333,42620.55
418,1702944000,43497.0,42657.8,41811.1,42307.75,40671.8452,856372320.084029,2023-12-19,32286.81483333333,42307.75
419,1703030400,44283.0,42275.99,42206.0,43621.81,48504.17415,1033690632.07503,2023-12-20,32433.44658333333,43621.81
420,1703116800,44242.35,43668.92,43286.72,43835.94,34436.96761,741755379.150814,2023-12-21,32578.2295,43835.94
421,1703203200,44398.26,43861.79,43412.54,43960.56,32540.80375,697496521.913423,2023-12-22,32726.82875,43960.56
422,1703289600,43988.68,43969.04,43291.1,43739.99,16286.29864,333966914.102666,2023-12-23,32874.263666666666,43739.99
423,1703376000,43946.0,43702.15,42500.0,43142.56,24674.83956,504372843.795864,2023-12-24,33016.985166666665,43142.56
424,1703462400,43802.32,42991.5,42720.43,43600.0,26770.48049,588512313.824504,2023-12-25,33162.8565,43600.0
425,1703548800,43592.68,43576.12,41637.6,42455.77,40761.53936,891002618.149395,2023-12-26,33298.97183333333,42455.77
426,1703635200,43677.0,42508.93,42098.69,43410.0,35866.10379,808368646.784048,2023-12-27,33430.149249999995,43410.0
427,1703721600,43787.57,43428.86,42241.79,42711.09,34858.76177,742766098.176357,2023-12-28,33558.575,42711.09
428,1703808000,43111.0,42563.76,41300.0,42014.74,42280.51538,889904494.808638,2023-12-29,33692.30725,42014.74
429,1703894400,42612.32,42066.94,41520.3,42185.08,22760.64992,491242423.370372,2023-12-30,33828.57425,42185.08
430,1703980800,42899.0,42140.29,41965.84,42223.39,23320.01655,503421319.592482,2023-12-31,33964.89158333334,42223.39
431,1704067200,44100.0,42283.58,42180.77,44051.89,26297.22075,592183069.056975,2024-01-01,34115.71025,44051.89
432,1704153600,45879.63,44179.55,44148.34,44870.64,64814.42526,1519884712.0446,2024-01-02,34274.44433333333,44870.64
433,1704240000,45500.0,44946.91,40750.0,42742.04,80950.8676,1682243017.96249,2024-01-03,34415.61775,42742.04
434,1704326400,44729.58,42845.23,42613.77,44137.9,47629.94764,1021718917.40207,2024-01-04,34568.75233333333,44137.9
435,1704412800,44357.46,44151.1,42450.0,44091.04,47778.55341,1043807363.9971,2024-01-05,34717.93233333333,44091.04
436,1704499200,44214.42,44145.12,43397.05,43882.53,17696.98075,393219325.586784,2024-01-06,34867.708,43882.53
437,1704585600,44480.59,43968.32,43678.94,43743.02,22367.70591,497572505.615312,2024-01-07,35016.37966666666,43743.02
438,1704672000,47248.99,43929.01,43175.0,46850.01,72395.8798,1744416130.63004,2024-01-08,35191.3715,46850.01
439,1704758400,47972.0,46951.04,44748.67,46027.79,69208.26071,1600494771.46762,2024-01-09,35365.36583333334,46027.79
440,1704844800,47695.93,46110.0,44300.36,46619.45,89029.59357,2130401191.12143,2024-01-10,35538.54291666667,46619.45
441,1704931200,48969.48,46654.0,45606.06,46385.82,87175.22225,2063935691.26756,2024-01-11,35706.695166666665,46385.82
442,1705017600,46515.53,46339.16,41500.0,42767.56,85721.91665,1836428868.39429,2024-01-12,35842.22008333333,42767.56
443,1705104000,43257.0,42782.74,42436.12,42827.14,35995.94616,757730396.955395,2024-01-13,35976.69625,42827.14
444,1705190400,43079.0,42847.99,41750.0,41848.57,27148.03907,561262322.258938,2024-01-14,36104.21233333334,41848.57
445,1705276800,43400.43,41732.35,41718.05,42554.0,40019.73985,845020303.775948,2024-01-15,36238.03241666666,42554.0
446,1705363200,43578.01,42511.1,42050.0,43163.23,44750.92032,1026388538.30175,2024-01-16,36374.822583333334,43163.23
447,1705449600,43198.0,43137.94,42200.69,42699.21,33007.27552,704137863.774705,2024-01-17,36504.00808333334,42699.21
448,1705536000,42930.0,42776.09,40683.28,41297.0,43689.59384,877691819.217981,2024-01-18,36622.01708333334,41297.0
449,1705622400,42196.86,41327.51,40280.0,41638.84,48229.19578,1002022146.85833,2024-01-19,36747.683416666674,41638.84
450,1705708800,41872.56,41659.03,41456.3,41719.72,15654.43425,310021035.93157,2024-01-20,36873.77866666667,41719.72
451,1705795200,41881.39,41696.05,41500.98,41542.38,11631.17276,230621610.627753,2024-01-21,36998.543249999995,41542.38
452,1705881600,41689.65,41580.32,39431.58,39586.13,54750.72819,1075464331.07106,2024-01-22,37109.725666666665,39586.13
453,1705968000,40176.74,39568.02,38555.0,39706.55,57192.20441,1194212427.6274,2024-01-23,37221.58508333333,39706.55
454,1706054400,40555.0,39897.59,39484.19,40141.08,39003.32217,819934012.809088,2024-01-24,37337.58016666667,40141.08
455,1706140800,40300.24,40084.89,39550.0,39924.09,30851.73983,622531495.474998,2024-01-25,37450.50433333333,39924.09
456,1706227200,42246.82,39961.09,39822.52,41870.62,47197.60314,1012566080.02285,2024-01-26,37574.15866666667,41870.62
457,1706313600,42200.0,41823.51,41394.34,42127.22,16105.94958,310561495.229558,2024-01-27,37700.927083333336,42127.22
458,1706400000,42842.68,42120.63,41620.81,42070.02,27156.6902,545500812.243658,2024-01-28,37826.76425,42070.02
459,1706486400,43333.0,42031.05,41804.88,43274.14,31313.19557,675993176.093298,2024-01-29,37954.37458333333,43274.14
460,1706572800,43882.36,43302.71,42710.0,42821.11,36905.76964,822292503.285974,2024-01-30,38081.11358333333,42821.11
461,1706659200,43745.11,42941.1,42276.84,42624.8,39671.89166,866904149.780662,2024-01-31,38207.70766666667,42624.8
462,1706745600,43285.13,42580.0,41884.28,43055.99,35045.28416,766134022.913421,2024-02-01,38334.889833333335,43055.99
463,1706832000,43488.0,43082.95,42546.79,43154.99,29516.29988,671640084.325506,2024-02-02,38465.878333333334,43154.99
464,1706918400,43380.01,43199.99,42880.0,42955.01,11931.67959,242946665.130399,2024-02-03,38591.039,42955.01
465,1707004800,43119.04,43011.1,42222.0,42562.97,16895.44956,723698192.558915,2024-02-04,38712.74758333333,42562.97
466,1707091200,43569.76,42582.88,42258.1,42698.39,29299.49436,638624216.316404,2024-02-05,38835.762,42698.39
467,1707177600,43399.98,42708.7,42574.0,43129.57,24517.96661,548382496.108534,2024-02-06,38965.31808333333,43129.57
468,1707264000,44396.5,43098.96,42788.0,44252.01,33613.38417,747856858.66798,2024-02-07,39105.88016666667,44252.01
469,1707350400,45614.3,44349.6,44331.1,45315.49,45252.2606,1018441525.70573,2024-02-08,39259.820083333325,45315.49
470,1707436800,48200.0,45288.66,45242.12,47154.78,73183.39202,1747635761.70566,2024-02-09,39429.95641666666,47154.78
471,1707523200,48170.0,47132.78,46800.0,47794.3,24655.87644,601569548.978335,2024-02-10,39604.56125,47794.3
472,1707609600,48592.66,47751.08,47557.16,48161.73,29627.12733,748091131.976816,2024-02-11,39782.08675,48161.73
473,1707696000,50334.82,48300.0,47710.01,50014.67,58554.00571,1504093836.67616,2024-02-12,39972.697916666664,50014.67
474,1707782400,50368.61,49917.28,48300.95,49592.53,55202.51433,1393194281.14385,2024-02-13,40148.366916666666,49592.53
475,1707868800,52043.71,49699.6,49225.01,51865.99,56721.86113,1511180002.18564,2024-02-14,40343.86466666667,51865.99
476,1707955200,52816.62,51795.17,51314.0,51923.08,53538.54141,1384176833.69212,2024-02-15,40540.53458333333,51923.08
477,1708041600,52572.08,51880.01,51566.0,52138.46,37420.41649,939694658.443742,2024-02-16,40735.85683333333,52138.46
478,1708128000,52162.82,52124.1,50625.0,51694.51,25536.11607,646955828.754834,2024-02-17,40919.43591666667,51694.51
479,1708214400,52377.0,51642.64,51163.28,52051.1,21696.41342,575612211.951578,2024-02-18,41103.94508333333,52051.1
480,1708300800,52488.77,52137.68,51677.0,51772.12,29278.43491,789306624.912744,2024-02-19,41285.43483333333,51772.12
481,1708387200,52985.0,51774.74,50760.37,52222.02,49296.59324,1289360623.62243,2024-02-20,41446.20158333333,52222.02
482,1708473600,52366.8,52258.82,50625.0,51664.48,42302.40368,1116285918.47082,2024-02-21,41594.629583333335,51664.48
483,1708560000,52065.78,51849.38,50940.78,51301.19,35114.36327,914874205.29747,2024-02-22,41735.03458333333,51301.19
484,1708646400,51548.54,51288.42,50521.0,50866.03,30307.96271,740435616.807636,2024-02-23,41874.201499999996,50866.03
485,1708732800,51698.0,50744.15,50585.0,51585.48,16472.9581,430878222.589922,2024-02-24,42021.67141666667,51585.48
486,1708819200,51958.55,51568.21,51279.8,51760.04,18604.26012,489764264.013099,2024-02-25,42168.91816666667,51760.04
487,1708905600,54910.0,51728.85,50901.44,54461.1,51001.78537,1431855016.61086,2024-02-26,42334.879916666665,54461.1
488,1708992000,57588.15,54476.48,54450.13,57031.09,66914.26665,1966845838.37538,2024-02-27,42522.833666666666,57031.09
489,1709078400,64000.0,57037.35,56691.85,62511.1,117981.92418,3715622435.1345,2024-02-28,42755.05308333333,62511.1
490,1709164800,63676.35,62432.11,60364.7,61391.88,77859.06568,2435885132.92629,2024-02-29,42971.32691666667,61391.88
491,1709251200,63114.23,61130.99,60777.0,62373.56,47411.81514,1487605454.36925,2024-03-01,43200.077750000004,62373.56
492,1709337600,62433.19,62387.9,61561.12,62037.67,25366.82279,782357408.449814,2024-03-02,43427.77816666666,62037.67
493,1709424000,63231.88,61987.28,61320.0,62908.0,28623.7325,912866636.264189,2024-03-03,43660.180583333335,62908.0
494,1709510400,68499.0,63113.97,62300.0,67971.1,83837.83199,2937205635.11115,2024-03-04,43934.66158333334,67971.1
495,1709596800,69000.0,68245.71,59005.0,64118.0,132334.11243,4307790871.8935,2024-03-05,44177.21616666667,64118.0
496,1709683200,67641.1,63724.01,62779.14,66005.2,78299.75492,2647374423.89041,2024-03-06,44432.09283333333,66005.2
497,1709769600,67980.0,66074.04,65551.0,67047.84,52606.98769,1852812452.91129,2024-03-07,44693.28775,67047.84
498,1709856000,69990.0,66823.18,66082.66,68159.51,73814.971082,2549542883.05608,2024-03-08,44955.00508333334,68159.51
499,1709942400,68541.1,68124.2,67861.1,68340.03,19727.77091,678201975.282177,2024-03-09,45213.489583333336,68340.03
